order_line_id,order_id,product_id,order_at,ordered_qty,unit_price_krw
OL-0001,ORD-0001,SYN-A,2026-09-01T09:00:00,10,1000
OL-0002,ORD-0001,SYN-B,2026-09-01T09:00:00,5,2000
OL-0003,ORD-0002,SYN-A,2026-09-01T09:00:00,7,1000
OL-0004,ORD-0002,SYN-C,2026-09-01T09:00:00,11,3000
OL-0005,ORD-0003,SYN-A,2026-09-01T09:00:00,6,1000
OL-0006,ORD-0004,SYN-C,2026-09-02T09:00:00,8,3000
OL-0007,ORD-0004,SYN-B,2026-09-02T09:00:00,4,2000
OL-0008,ORD-0004,SYN-D,2026-09-02T09:00:00,5,4000
OL-0009,ORD-0005,SYN-A,2026-09-02T09:00:00,14,1000
OL-0010,ORD-0006,SYN-C,2026-09-03T09:00:00,4,3000
OL-0011,ORD-0007,SYN-A,2026-09-03T09:00:00,3,1000
OL-0012,ORD-0008,SYN-C,2026-09-04T09:00:00,7,3000
OL-0013,ORD-0008,SYN-D,2026-09-04T09:00:00,5,4000
OL-0014,ORD-0008,SYN-A,2026-09-04T09:00:00,5,1000
OL-0015,ORD-0009,SYN-B,2026-09-04T09:00:00,7,2000
OL-0016,ORD-0009,SYN-D,2026-09-04T09:00:00,4,4000
OL-0017,ORD-0010,SYN-D,2026-09-05T09:00:00,5,4000
OL-0018,ORD-0011,SYN-D,2026-09-05T09:00:00,4,4000
OL-0019,ORD-0012,SYN-A,2026-09-06T09:00:00,9,1000
OL-0020,ORD-0012,SYN-C,2026-09-06T09:00:00,4,3000
OL-0021,ORD-0013,SYN-C,2026-09-06T09:00:00,15,3000
OL-0022,ORD-0013,SYN-A,2026-09-06T09:00:00,6,1000
OL-0023,ORD-0013,SYN-B,2026-09-06T09:00:00,12,2000
OL-0024,ORD-0014,SYN-D,2026-09-07T09:00:00,9,4000
OL-0025,ORD-0014,SYN-B,2026-09-07T09:00:00,10,2000
OL-0026,ORD-0014,SYN-C,2026-09-07T09:00:00,9,3000
OL-0027,ORD-0015,SYN-B,2026-09-07T09:00:00,9,2000
OL-0028,ORD-0015,SYN-D,2026-09-07T09:00:00,11,4000
OL-0029,ORD-0015,SYN-A,2026-09-07T09:00:00,16,1000
OL-0030,ORD-0016,SYN-D,2026-09-08T09:00:00,8,4000
OL-0031,ORD-0017,SYN-A,2026-09-08T09:00:00,5,1000
OL-0032,ORD-0017,SYN-C,2026-09-08T09:00:00,10,3000
OL-0033,ORD-0017,SYN-B,2026-09-08T09:00:00,4,2000
OL-0034,ORD-0018,SYN-C,2026-09-09T09:00:00,11,3000
OL-0035,ORD-0019,SYN-C,2026-09-09T09:00:00,10,3000
OL-0036,ORD-0019,SYN-A,2026-09-09T09:00:00,14,1000
OL-0037,ORD-0020,SYN-D,2026-09-10T09:00:00,3,4000
OL-0038,ORD-0020,SYN-C,2026-09-10T09:00:00,4,3000
OL-0039,ORD-0021,SYN-B,2026-09-10T09:00:00,9,2000
OL-0040,ORD-0022,SYN-B,2026-09-11T09:00:00,4,2000
OL-0041,ORD-0022,SYN-A,2026-09-11T09:00:00,12,1000
OL-0042,ORD-0022,SYN-C,2026-09-11T09:00:00,6,3000
OL-0043,ORD-0023,SYN-C,2026-09-11T09:00:00,9,3000
OL-0044,ORD-0024,SYN-B,2026-09-12T09:00:00,14,2000
OL-0045,ORD-0024,SYN-D,2026-09-12T09:00:00,4,4000
OL-0046,ORD-0024,SYN-A,2026-09-12T09:00:00,8,1000
OL-0047,ORD-0025,SYN-A,2026-09-12T09:00:00,14,1000
OL-0048,ORD-0025,SYN-B,2026-09-12T09:00:00,16,2000
OL-0049,ORD-0026,SYN-A,2026-09-13T09:00:00,3,1000
OL-0050,ORD-0026,SYN-D,2026-09-13T09:00:00,15,4000
OL-0051,ORD-0027,SYN-B,2026-09-13T09:00:00,4,2000
OL-0052,ORD-0027,SYN-C,2026-09-13T09:00:00,16,3000
OL-0053,ORD-0028,SYN-D,2026-09-14T09:00:00,8,4000
OL-0054,ORD-0028,SYN-B,2026-09-14T09:00:00,12,2000
OL-0055,ORD-0028,SYN-C,2026-09-14T09:00:00,6,3000
OL-0056,ORD-0029,SYN-B,2026-09-14T09:00:00,13,2000
OL-0057,ORD-0029,SYN-D,2026-09-14T09:00:00,4,4000
OL-0058,ORD-0030,SYN-D,2026-09-15T09:00:00,4,4000
OL-0059,ORD-0030,SYN-C,2026-09-15T09:00:00,10,3000
OL-0060,ORD-0030,SYN-A,2026-09-15T09:00:00,5,1000
OL-0061,ORD-0031,SYN-B,2026-09-15T09:00:00,12,2000
OL-0062,ORD-0031,SYN-A,2026-09-15T09:00:00,4,1000
OL-0063,ORD-0031,SYN-C,2026-09-15T09:00:00,15,3000
OL-0064,ORD-0032,SYN-A,2026-09-16T09:00:00,4,1000
OL-0065,ORD-0033,SYN-D,2026-09-16T09:00:00,6,4000
OL-0066,ORD-0033,SYN-A,2026-09-16T09:00:00,4,1000
OL-0067,ORD-0034,SYN-D,2026-09-17T09:00:00,8,4000
OL-0068,ORD-0034,SYN-A,2026-09-17T09:00:00,4,1000
OL-0069,ORD-0035,SYN-A,2026-09-17T09:00:00,5,1000
OL-0070,ORD-0035,SYN-D,2026-09-17T09:00:00,11,4000
OL-0071,ORD-0036,SYN-B,2026-09-18T09:00:00,9,2000
OL-0072,ORD-0036,SYN-D,2026-09-18T09:00:00,8,4000
OL-0073,ORD-0037,SYN-D,2026-09-18T09:00:00,13,4000
OL-0074,ORD-0038,SYN-B,2026-09-19T09:00:00,9,2000
OL-0075,ORD-0039,SYN-D,2026-09-19T09:00:00,9,4000
OL-0076,ORD-0040,SYN-B,2026-09-20T09:00:00,4,2000
OL-0077,ORD-0041,SYN-C,2026-09-20T09:00:00,4,3000
