return_line_id,shipment_line_id,returned_at,recorded_at,returned_qty
RT-0001,SH-0002,2026-09-03T09:00:00,2026-09-04T09:00:00,1
RT-0002,SH-0005,2026-09-08T09:00:00,2026-09-08T09:00:00,1
RT-0003,SH-0007,2026-09-09T09:00:00,2026-09-11T09:00:00,1
RT-0004,SH-0026,2026-09-11T09:00:00,2026-09-14T09:00:00,3
RT-0005,SH-0029,2026-09-18T09:00:00,2026-09-21T09:00:00,2
RT-0006,SH-0033,2026-09-17T09:00:00,2026-09-18T09:00:00,4
RT-0007,SH-0037,2026-09-21T09:00:00,2026-09-21T09:00:00,6
RT-0008,SH-0040,2026-09-19T09:00:00,2026-09-21T09:00:00,1
RT-0009,SH-0042,2026-09-20T09:00:00,2026-09-23T09:00:00,3
RT-0010,SH-0047,2026-09-21T09:00:00,2026-09-21T09:00:00,1
RT-0011,SH-0048,2026-09-22T09:00:00,2026-09-22T09:00:00,1
RT-0012,SH-0050,2026-09-19T09:00:00,2026-09-21T09:00:00,3
RT-0013,SH-0052,2026-09-20T09:00:00,2026-09-20T09:00:00,11
RT-0014,SH-0055,2026-09-22T09:00:00,2026-09-23T09:00:00,1
RT-0015,SH-0058,2026-09-25T09:00:00,2026-09-26T09:00:00,7
RT-0016,SH-0062,2026-09-24T09:00:00,2026-09-27T09:00:00,3
