shipment_line_id,order_line_id,shipped_at,shipped_qty
SH-0001,OL-0001,2026-09-02T09:00:00,8
SH-0002,OL-0002,2026-09-02T09:00:00,5
SH-0003,OL-0003,2026-09-02T09:00:00,7
SH-0004,OL-0007,2026-09-03T09:00:00,2
SH-0005,OL-0010,2026-09-04T09:00:00,2
SH-0006,OL-0010,2026-09-07T09:00:00,2
SH-0007,OL-0011,2026-09-04T09:00:00,2
SH-0008,OL-0012,2026-09-05T09:00:00,3
SH-0009,OL-0014,2026-09-05T09:00:00,1
SH-0010,OL-0016,2026-09-07T09:00:00,1
SH-0011,OL-0017,2026-09-07T09:00:00,1
SH-0012,OL-0017,2026-09-07T09:00:00,4
SH-0013,OL-0019,2026-09-07T09:00:00,9
SH-0014,OL-0020,2026-09-09T09:00:00,4
SH-0015,OL-0024,2026-09-08T09:00:00,2
SH-0016,OL-0025,2026-09-08T09:00:00,1
SH-0017,OL-0027,2026-09-08T09:00:00,1
SH-0018,OL-0028,2026-09-08T09:00:00,9
SH-0019,OL-0029,2026-09-10T09:00:00,16
SH-0020,OL-0030,2026-09-10T09:00:00,8
SH-0021,OL-0031,2026-09-10T09:00:00,5
SH-0022,OL-0032,2026-09-10T09:00:00,2
SH-0023,OL-0032,2026-09-11T09:00:00,8
SH-0024,OL-0033,2026-09-11T09:00:00,4
SH-0025,OL-0034,2026-09-12T09:00:00,11
SH-0026,OL-0035,2026-09-10T09:00:00,10
SH-0027,OL-0037,2026-09-13T09:00:00,3
SH-0028,OL-0038,2026-09-12T09:00:00,4
SH-0029,OL-0041,2026-09-13T09:00:00,2
SH-0030,OL-0041,2026-09-15T09:00:00,10
SH-0031,OL-0042,2026-09-14T09:00:00,6
SH-0032,OL-0043,2026-09-12T09:00:00,5
SH-0033,OL-0043,2026-09-15T09:00:00,4
SH-0034,OL-0046,2026-09-15T09:00:00,2
SH-0035,OL-0048,2026-09-15T09:00:00,16
SH-0036,OL-0050,2026-09-16T09:00:00,2
SH-0037,OL-0052,2026-09-16T09:00:00,16
SH-0038,OL-0053,2026-09-17T09:00:00,6
SH-0039,OL-0053,2026-09-16T09:00:00,2
SH-0040,OL-0055,2026-09-16T09:00:00,2
SH-0041,OL-0055,2026-09-16T09:00:00,4
SH-0042,OL-0056,2026-09-17T09:00:00,9
SH-0043,OL-0056,2026-09-18T09:00:00,4
SH-0044,OL-0057,2026-09-16T09:00:00,1
SH-0045,OL-0058,2026-09-17T09:00:00,3
SH-0046,OL-0059,2026-09-16T09:00:00,10
SH-0047,OL-0060,2026-09-17T09:00:00,1
SH-0048,OL-0060,2026-09-17T09:00:00,4
SH-0049,OL-0061,2026-09-16T09:00:00,2
SH-0050,OL-0061,2026-09-18T09:00:00,10
SH-0051,OL-0062,2026-09-17T09:00:00,4
SH-0052,OL-0063,2026-09-16T09:00:00,15
SH-0053,OL-0064,2026-09-18T09:00:00,2
SH-0054,OL-0064,2026-09-20T09:00:00,2
SH-0055,OL-0065,2026-09-19T09:00:00,2
SH-0056,OL-0066,2026-09-18T09:00:00,3
SH-0057,OL-0067,2026-09-18T09:00:00,3
SH-0058,OL-0070,2026-09-20T09:00:00,11
SH-0059,OL-0072,2026-09-20T09:00:00,8
SH-0060,OL-0073,2026-09-20T09:00:00,13
SH-0061,OL-0074,2026-09-20T09:00:00,2
SH-0062,OL-0074,2026-09-22T09:00:00,7
SH-0063,OL-0075,2026-09-22T09:00:00,7
SH-0064,OL-0076,2026-09-22T09:00:00,4
