order_date,product_id,ordered_qty,ordered_value_krw,shipped_qty,shipped_value_krw,returned_qty,returned_value_krw,net_shipped_value_krw,fulfillment_rate
2026-09-01,SYN-A,23,23000,15,15000,0,0,15000,0.6522
2026-09-01,SYN-B,5,10000,5,10000,1,2000,8000,1.0
2026-09-01,SYN-C,11,33000,0,0,0,0,0,0.0
2026-09-02,SYN-A,14,14000,0,0,0,0,0,0.0
2026-09-02,SYN-B,4,8000,2,4000,0,0,4000,0.5
2026-09-02,SYN-C,8,24000,0,0,0,0,0,0.0
2026-09-02,SYN-D,5,20000,0,0,0,0,0,0.0
2026-09-03,SYN-A,3,3000,2,2000,1,1000,1000,0.6667
2026-09-03,SYN-C,4,12000,4,12000,1,3000,9000,1.0
2026-09-04,SYN-A,5,5000,1,1000,0,0,1000,0.2
2026-09-04,SYN-B,7,14000,0,0,0,0,0,0.0
2026-09-04,SYN-C,7,21000,3,9000,0,0,9000,0.4286
2026-09-04,SYN-D,9,36000,1,4000,0,0,4000,0.1111
2026-09-05,SYN-D,9,36000,5,20000,0,0,20000,0.5556
2026-09-06,SYN-A,15,15000,9,9000,0,0,9000,0.6
2026-09-06,SYN-B,12,24000,0,0,0,0,0,0.0
2026-09-06,SYN-C,19,57000,4,12000,0,0,12000,0.2105
2026-09-07,SYN-A,16,16000,16,16000,0,0,16000,1.0
2026-09-07,SYN-B,19,38000,2,4000,0,0,4000,0.1053
2026-09-07,SYN-C,9,27000,0,0,0,0,0,0.0
2026-09-07,SYN-D,20,80000,11,44000,0,0,44000,0.55
2026-09-08,SYN-A,5,5000,5,5000,0,0,5000,1.0
2026-09-08,SYN-B,4,8000,4,8000,0,0,8000,1.0
2026-09-08,SYN-C,10,30000,10,30000,0,0,30000,1.0
2026-09-08,SYN-D,8,32000,8,32000,0,0,32000,1.0
2026-09-09,SYN-A,14,14000,0,0,0,0,0,0.0
2026-09-09,SYN-C,21,63000,21,63000,3,9000,54000,1.0
2026-09-10,SYN-B,9,18000,0,0,0,0,0,0.0
2026-09-10,SYN-C,4,12000,4,12000,0,0,12000,1.0
2026-09-10,SYN-D,3,12000,3,12000,0,0,12000,1.0
2026-09-11,SYN-A,12,12000,12,12000,2,2000,10000,1.0
2026-09-11,SYN-B,4,8000,0,0,0,0,0,0.0
2026-09-11,SYN-C,15,45000,15,45000,4,12000,33000,1.0
2026-09-12,SYN-A,22,22000,2,2000,0,0,2000,0.0909
2026-09-12,SYN-B,30,60000,16,32000,0,0,32000,0.5333
2026-09-12,SYN-D,4,16000,0,0,0,0,0,0.0
2026-09-13,SYN-A,3,3000,0,0,0,0,0,0.0
2026-09-13,SYN-B,4,8000,0,0,0,0,0,0.0
2026-09-13,SYN-C,16,48000,16,48000,6,18000,30000,1.0
2026-09-13,SYN-D,15,60000,2,8000,0,0,8000,0.1333
2026-09-14,SYN-B,25,50000,13,26000,3,6000,20000,0.52
2026-09-14,SYN-C,6,18000,6,18000,1,3000,15000,1.0
2026-09-14,SYN-D,12,48000,9,36000,0,0,36000,0.75
2026-09-15,SYN-A,9,9000,9,9000,2,2000,7000,1.0
2026-09-15,SYN-B,12,24000,12,24000,3,6000,18000,1.0
2026-09-15,SYN-C,25,75000,25,75000,11,33000,42000,1.0
2026-09-15,SYN-D,4,16000,3,12000,0,0,12000,0.75
2026-09-16,SYN-A,8,8000,7,7000,0,0,7000,0.875
2026-09-16,SYN-D,6,24000,2,8000,1,4000,4000,0.3333
2026-09-17,SYN-A,9,9000,0,0,0,0,0,0.0
2026-09-17,SYN-D,19,76000,14,56000,7,28000,28000,0.7368
2026-09-18,SYN-B,9,18000,0,0,0,0,0,0.0
2026-09-18,SYN-D,21,84000,21,84000,0,0,84000,1.0
2026-09-19,SYN-B,9,18000,9,18000,3,6000,12000,1.0
2026-09-19,SYN-D,9,36000,7,28000,0,0,28000,0.7778
2026-09-20,SYN-B,4,8000,4,8000,0,0,8000,1.0
2026-09-20,SYN-C,4,12000,0,0,0,0,0,0.0
