campaign_id,spend_date,impressions,clicks,cost,reported_at
CMP_META_01,2026-08-01,12000,240,30000,2026-08-02 01:00:00
CMP_META_01,2026-08-01,12000,236,27000,2026-08-04 01:00:00
CMP_META_01,2026-08-02,11000,210,25000,2026-08-03 01:00:00
CMP_META_01,2026-08-03,13000,260,31000,2026-08-04 01:00:00
CMP_META_01,2026-08-04,12500,250,29000,2026-08-05 01:00:00
CMP_GOOG_01,2026-08-01,3000,150,12000,2026-08-02 01:00:00
CMP_GOOG_01,2026-08-02,2800,140,11000,2026-08-03 01:00:00
CMP_GOOG_01,2026-08-03,3100,155,12500,2026-08-04 01:00:00
CMP_GOOG_01,2026-08-04,2900,145,11500,2026-08-05 01:00:00
CMP_NAVER_01,2026-08-01,5000,100,8000,2026-08-02 01:00:00
CMP_NAVER_01,2026-08-02,4800,95,7500,2026-08-03 01:00:00
CMP_NAVER_01,2026-08-03,5200,105,8500,2026-08-04 01:00:00
CMP_NAVER_01,2026-08-04,5100,102,8200,2026-08-05 01:00:00
